{
  "interactionModel": {
    "languageModel": {
      "invocationName": "change me",
      "intents": [
        {
          "name": "AMAZON.CancelIntent",
          "samples": []
        },
        {
          "name": "AMAZON.HelpIntent",
          "samples": []
        },
        {
          "name": "AMAZON.StopIntent",
          "samples": []
        },
        {
          "name": "HelloWorldIntent",
          "slots": [],
          "samples": [
            "hello",
            "how are you",
            "say hi world",
            "say hi",
            "hi",
            "say hello world",
            "say hello"
          ]
        },
        {
          "name": "AMAZON.NavigateHomeIntent",
          "samples": []
        },
        {
          "name": "humidity",
          "slots": [],
          "samples": [
            "how humid is it",
            "should i water the plants",
            "is it time to water the plants",
            "is it time to water my plants",
            "should i water my plants",
            "tell me the humidity",
            "what\u0027s the humidity"
          ]
        }
      ],
      "types": []
    }
  },
  "version": "2"
}